customer_id,recency,frequency,monetary,recency_score,frequency_score,RF_SCORE,segment
1,43,3,27888.183399999998,5,5,55,champions
2,266,3,19329.084899999998,5,5,55,champions
3,71,3,24051.5279,5,5,55,champions
4,257,3,21150.8927,5,5,55,champions
5,258,3,17520.2919,5,5,55,champions
6,116,3,32675.072499999995,5,5,55,champions
7,197,3,7147.162899999999,5,5,55,champions
8,263,3,2201.6567,5,5,55,champions
9,248,3,24433.881799999996,5,5,55,champions
10,130,3,33634.26040000001,5,5,55,champions
11,249,3,3690.2361,5,5,55,champions
12,252,3,24305.1394,5,5,55,champions
13,263,3,14774.458299999998,5,5,55,champions
14,253,3,15766.700599999998,5,5,55,champions
15,128,3,9586.801800000001,5,5,55,champions
16,266,3,31925.885700000003,5,5,55,champions
17,258,3,5275.327,5,5,55,champions
18,261,3,14877.289,5,5,55,champions
19,261,3,16739.9958,5,5,55,champions
20,263,3,11102.47,5,5,55,champions
21,247,3,17123.997499999994,5,5,55,champions
22,267,2,16651.0484,5,5,55,champions
23,274,2,4775.9635,5,5,55,champions
24,252,3,14199.9558,5,5,55,champions
25,266,2,14529.258299999998,5,5,55,champions
26,264,2,9514.0705,5,5,55,champions
27,274,2,10719.098799999998,5,5,55,champions
28,262,2,19992.8648,5,5,55,champions
29,253,2,11979.946699999999,5,5,55,champions
30,257,3,10355.390800000001,5,5,55,champions
31,269,3,19756.6432,5,5,55,champions
32,265,3,18037.285,5,5,55,champions
33,173,3,19043.903599999998,5,5,55,champions
34,261,2,11035.7581,5,5,55,champions
35,273,2,22061.0729,5,5,55,champions
36,260,2,6079.942999999999,5,5,55,champions
37,263,2,14011.8265,5,5,55,champions
38,263,2,21535.666499999996,5,5,55,champions
39,258,2,17783.487399999998,5,5,55,champions
40,248,3,17240.562299999998,5,5,55,champions
41,271,2,3962.0287,5,5,55,champions
42,255,2,9205.1175,5,5,55,champions
43,246,3,23049.057,5,5,55,champions
44,250,2,2270.5392,5,5,55,champions
45,247,2,3347.648,5,5,55,champions
46,254,3,8902.506599999999,5,5,55,champions
47,264,3,16935.6408,5,5,55,champions
48,252,2,11705.851999999999,5,5,55,champions
49,246,2,1571.1760000000002,5,5,55,champions
50,263,3,16179.1167,5,5,55,champions
51,273,2,7000.058000000001,5,5,55,champions
52,269,2,6467.6551,5,5,55,champions
53,172,3,14068.2366,5,5,55,champions
54,253,2,17225.4439,5,5,55,champions
55,245,2,4183.6206999999995,5,5,55,champions
56,247,3,6680.4439,5,5,55,champions
57,255,2,6981.9401,5,5,55,champions
58,259,2,21514.461499999998,5,5,55,champions
59,263,2,13854.6016,5,5,55,champions
60,254,2,9919.3294,5,5,55,champions
61,265,3,25636.453100000002,5,5,55,champions
62,274,2,4122.145399999999,5,5,55,champions
63,256,2,20086.370799999997,5,5,55,champions
64,271,3,8778.131099999999,5,5,55,champions
65,255,2,11151.6045,5,5,55,champions
66,264,3,23026.292299999997,5,5,55,champions
67,258,2,1472.4724999999999,5,5,55,champions
68,266,3,10802.6294,5,5,55,champions
69,270,2,7568.9310000000005,5,5,55,champions
70,258,2,16338.9384,5,5,55,champions
71,247,2,1855.3325,5,5,55,champions
72,254,2,13914.3345,5,5,55,champions
73,258,2,31913.690199999997,5,5,55,champions
74,245,2,4036.9719999999998,5,5,55,champions
75,267,2,32803.0062,5,5,55,champions
76,259,2,7168.477800000001,5,5,55,champions
77,255,3,8522.9542,5,5,55,champions
78,263,2,3441.2631,5,5,55,champions
79,260,2,16025.0715,5,5,55,champions
80,253,2,9563.338099999999,5,5,55,champions
81,269,2,5660.9369,5,5,55,champions
82,271,2,18995.013700000003,5,5,55,champions
83,269,2,7793.1507,5,5,55,champions
84,273,2,7154.5445,5,5,55,champions
85,267,2,23195.0754,5,5,55,champions
86,270,2,12551.997,5,5,55,champions
87,265,2,13546.9484,5,5,55,champions
88,255,2,9805.246399999998,5,5,55,champions
89,254,2,10805.3354,5,5,55,champions
90,246,2,8956.785,5,5,55,champions
91,258,2,18856.877,5,5,55,champions
92,267,2,3037.1354999999994,5,5,55,champions
93,252,2,25612.702099999995,5,5,55,champions
94,274,2,34807.93919999999,5,5,55,champions
95,642,1,12433.4557,3,1,31,about_to_sleep
96,751,1,7681.124,2,1,21,hibernating
97,264,2,6450.952899999999,5,5,55,champions
98,982,1,2546.4665000000005,1,1,11,hibernating
99,995,1,5431.8955,1,1,11,hibernating
100,309,1,5399.982,5,1,51,new_customers
101,831,1,1405.962,2,1,21,hibernating
102,755,1,3121.132,2,1,21,hibernating
103,853,1,2718.3920000000003,2,1,21,hibernating
104,251,2,11776.4101,5,5,55,champions
105,970,1,12461.5479,1,1,11,hibernating
106,501,1,2770.9629999999997,4,1,41,promising
107,938,1,6961.0917,1,1,11,hibernating
108,382,1,18281.4729,4,1,41,promising
109,249,2,17193.9034,5,5,55,champions
110,262,2,5371.338,5,5,55,champions
111,801,1,6177.772499999999,2,1,21,hibernating
112,276,1,7952.0464,5,1,51,new_customers
113,402,1,4236.3466,4,1,41,promising
114,277,1,727.984,5,1,51,new_customers
115,337,1,8327.9477,5,1,51,new_customers
116,260,3,12793.6337,5,5,55,champions
117,994,2,2371.4545,1,5,15,cant_loose
118,740,1,3974.6254,2,1,21,hibernating
119,174,2,16764.1256,5,5,55,champions
120,269,2,9425.166799999999,5,5,55,champions
121,256,2,3589.122,5,5,55,champions
122,340,1,24890.6244,5,1,51,new_customers
123,183,2,13783.7813,5,5,55,champions
124,252,2,6235.5381,5,5,55,champions
125,526,1,7067.962799999998,4,1,41,promising
126,299,1,10314.924799999999,5,1,51,new_customers
127,975,1,6034.965399999999,1,1,11,hibernating
128,392,1,7536.1622,4,1,41,promising
129,568,1,3011.4809999999998,3,1,31,about_to_sleep
130,736,1,423.992,2,1,21,hibernating
131,740,1,2335.5207,2,1,21,hibernating
132,867,1,3271.8135,2,1,21,hibernating
133,919,1,3810.823,1,1,11,hibernating
134,986,1,3751.874,1,1,11,hibernating
135,33,2,12026.9409,5,5,55,champions
136,3,2,15314.0132,5,5,55,champions
137,670,1,723.8905,3,1,31,about_to_sleep
138,248,2,12010.496899999998,5,5,55,champions
139,284,1,2319.976,5,1,51,new_customers
140,506,1,12909.9214,4,1,41,promising
141,662,1,376.79200000000003,3,1,31,about_to_sleep
142,563,1,5224.9905,3,1,31,about_to_sleep
143,476,1,3920.663,4,1,41,promising
144,857,1,256.4905,2,1,21,hibernating
145,943,1,8696.071999999998,1,1,11,hibernating
146,318,1,6183.5624,5,1,51,new_customers
147,673,1,10322.972099999999,3,1,31,about_to_sleep
148,811,1,1260.973,2,1,21,hibernating
149,835,1,8474.1624,2,1,21,hibernating
150,943,1,3840.882,1,1,11,hibernating
151,269,2,6863.626799999999,5,5,55,champions
152,280,1,3643.5440000000003,5,1,51,new_customers
153,639,2,17068.492199999997,3,5,35,loyal_customers
154,648,1,751.984,3,1,31,about_to_sleep
155,803,1,4214.9734,2,1,21,hibernating
156,903,1,4534.383,1,1,11,hibernating
157,249,2,17861.1996,5,5,55,champions
158,915,1,1395.1624,1,1,11,hibernating
159,922,1,11013.9345,1,1,11,hibernating
160,764,1,7975.972999999999,2,1,21,hibernating
161,520,1,4296.181500000001,4,1,41,promising
162,615,1,4094.8481,3,1,31,about_to_sleep
163,734,1,4851.1372,2,1,21,hibernating
164,1071,1,1139.981,1,1,11,hibernating
165,248,2,11907.9041,5,5,55,champions
166,670,1,751.984,3,1,31,about_to_sleep
167,565,1,14172.218499999999,3,1,31,about_to_sleep
168,529,1,3801.6487,4,1,41,promising
169,258,2,13678.357,5,5,55,champions
170,258,2,13801.2997,5,5,55,champions
171,595,1,3723.8275,3,1,31,about_to_sleep
172,257,2,15841.0992,5,5,55,champions
173,686,1,8072.331,3,1,31,about_to_sleep
174,530,1,2963.9809999999998,4,1,41,promising
175,264,2,13023.926,5,5,55,champions
176,249,2,6829.7092,5,5,55,champions
177,618,1,170.991,3,1,31,about_to_sleep
178,767,1,4125.556500000001,2,1,21,hibernating
179,588,1,5887.3423999999995,3,1,31,about_to_sleep
180,275,1,2478.4,5,1,51,new_customers
181,272,2,8273.955899999999,5,5,55,champions
182,503,1,17746.5951,4,1,41,promising
183,983,1,1254.9405,1,1,11,hibernating
184,672,1,16436.065000000002,3,1,31,about_to_sleep
185,511,1,3290.7715,4,1,41,promising
186,440,1,9833.6547,4,1,41,promising
187,259,2,13611.6259,5,5,55,champions
188,250,2,1729.775,5,5,55,champions
189,507,1,2069.3725,4,1,41,promising
190,719,1,2082.1435,2,1,21,hibernating
191,251,2,2593.1289,5,5,55,champions
192,254,2,14208.388099999998,5,5,55,champions
193,812,1,914.9670000000001,2,1,21,hibernating
194,272,2,12320.1207,5,5,55,champions
195,298,1,14935.0311,5,1,51,new_customers
196,601,1,10949.946799999998,3,1,31,about_to_sleep
197,827,1,4655.040400000001,2,1,21,hibernating
198,502,1,2749.3474,4,1,41,promising
199,863,1,4571.0727,2,1,21,hibernating
200,683,1,391.992,3,1,31,about_to_sleep
201,434,1,2548.9732,4,1,41,promising
202,916,1,4095.0137999999997,1,1,11,hibernating
203,359,1,12369.6265,5,1,51,new_customers
204,1037,1,2813.5587,1,1,11,hibernating
205,1001,1,3642.0126,1,1,11,hibernating
206,950,1,8429.9454,1,1,11,hibernating
207,686,1,2500.4381000000003,3,1,31,about_to_sleep
208,268,2,5651.0267,5,5,55,champions
209,508,1,1127.992,4,1,41,promising
210,419,1,3599.991,4,1,41,promising
211,903,1,1472.481,1,1,11,hibernating
212,778,1,6155.9644,2,1,21,hibernating
213,430,1,4789.734799999999,4,1,41,promising
214,602,1,3032.7401,3,1,31,about_to_sleep
215,582,1,4397.9639,3,1,31,about_to_sleep
216,443,1,4912.157,4,1,41,promising
217,272,2,5073.0365,5,5,55,champions
218,1038,1,6902.465,1,1,11,hibernating
219,537,1,1567.173,4,1,41,promising
220,497,1,6672.2946999999995,4,1,41,promising
221,636,1,199.99200000000002,3,1,31,about_to_sleep
222,431,1,1497.4827,4,1,41,promising
223,946,1,4563.091,1,1,11,hibernating
224,252,2,11471.8954,5,5,55,champions
225,501,1,7486.3314,4,1,41,promising
226,422,1,13033.5961,4,1,41,promising
227,395,1,18553.730000000003,4,1,41,promising
228,288,1,674.991,5,1,51,new_customers
229,438,1,814.6707,4,1,41,promising
230,907,1,9211.523,1,1,11,hibernating
231,249,2,12861.878899999998,5,5,55,champions
232,667,1,1755.3725,3,1,31,about_to_sleep
233,262,2,2317.0840000000003,5,5,55,champions
234,641,1,3804.9214000000006,3,1,31,about_to_sleep
235,806,1,5989.965,2,1,21,hibernating
236,1075,1,4157.9724,1,1,11,hibernating
237,267,2,2007.5811999999999,5,5,55,champions
238,555,1,20177.7457,3,1,31,about_to_sleep
239,246,2,10156.896799999999,5,5,55,champions
240,250,2,9959.0962,5,5,55,champions
241,821,1,2157.916,2,1,21,hibernating
242,580,1,7143.6644,3,1,31,about_to_sleep
243,418,1,2658.7627,4,1,41,promising
244,368,1,1113.2655,5,1,51,new_customers
245,701,1,10869.9637,3,1,31,about_to_sleep
246,631,1,6261.957399999999,3,1,31,about_to_sleep
247,350,1,10570.471899999999,5,1,51,new_customers
248,558,1,1101.683,3,1,31,about_to_sleep
249,653,1,723.8905,3,1,31,about_to_sleep
250,702,1,2371.1623999999997,3,1,31,about_to_sleep
251,1001,1,8879.452899999998,1,1,11,hibernating
252,1077,1,8587.397,1,1,11,hibernating
253,344,1,1439.9840000000002,5,1,51,new_customers
254,466,1,1716.5529999999999,4,1,41,promising
255,667,1,10269.8557,3,1,31,about_to_sleep
256,359,1,2658.1454,5,1,51,new_customers
257,379,1,5315.9042,5,1,51,new_customers
258,1087,1,437.09069999999997,1,1,11,hibernating
259,1095,1,10231.0464,1,1,11,hibernating
260,811,1,3349.6487,2,1,21,hibernating
261,850,1,1837.4717,2,1,21,hibernating
262,392,1,2484.4274,4,1,41,promising
263,291,1,14405.0464,5,1,51,new_customers
264,1052,1,1577.0717,1,1,11,hibernating
265,569,1,1096.1817,3,1,31,about_to_sleep
266,534,1,2681.957,4,1,41,promising
267,964,1,1625.963,1,1,11,hibernating
268,486,1,7211.723399999999,4,1,41,promising
269,436,1,7526.036700000001,4,1,41,promising
270,556,1,3646.9826999999996,3,1,31,about_to_sleep
271,1035,1,879.984,1,1,11,hibernating
272,841,1,8561.2627,2,1,21,hibernating
273,365,1,3056.9624,5,1,51,new_customers
274,890,1,5701.1053999999995,2,1,21,hibernating
275,474,1,11476.536399999999,4,1,41,promising
276,1044,1,6866.9384,1,1,11,hibernating
277,1059,1,3570.5560000000005,1,1,11,hibernating
278,564,1,5226.6626,3,1,31,about_to_sleep
279,389,1,9327.738,4,1,41,promising
280,974,1,4616.0145,1,1,11,hibernating
281,909,1,5672.281,1,1,11,hibernating
282,933,1,9163.428899999999,1,1,11,hibernating
283,721,1,1172.9724,2,1,21,hibernating
284,664,1,1001.6116999999999,3,1,31,about_to_sleep
285,386,1,613.7907,4,1,41,promising
286,454,1,1026.7014,4,1,41,promising
287,286,1,2320.5564000000004,5,1,51,new_customers
288,1008,1,4765.4287,1,1,11,hibernating
289,409,1,17834.963399999997,4,1,41,promising
290,527,1,1467.9554,4,1,41,promising
291,702,1,1600.0929999999998,3,1,31,about_to_sleep
292,448,1,13947.544899999999,4,1,41,promising
293,303,1,6102.963,5,1,51,new_customers
294,634,1,1208.4825,3,1,31,about_to_sleep
295,686,1,11055.941,3,1,31,about_to_sleep
296,287,1,13773.627700000001,5,1,51,new_customers
297,708,1,3658.1809999999996,3,1,31,about_to_sleep
298,769,1,9474.9404,2,1,21,hibernating
299,901,1,2687.1434,1,1,11,hibernating
300,302,1,1023.984,5,1,51,new_customers
301,636,1,4156.6929,3,1,31,about_to_sleep
302,276,1,631.6747,5,1,51,new_customers
303,415,1,3136.0432,4,1,41,promising
304,820,1,502.1814,2,1,21,hibernating
305,497,1,1238.566,4,1,41,promising
306,1033,1,6489.5650000000005,1,1,11,hibernating
307,958,1,2942.982,1,1,11,hibernating
308,295,1,7394.964400000001,5,1,51,new_customers
309,750,1,3900.6587000000004,2,1,21,hibernating
310,342,1,12935.949399999998,5,1,51,new_customers
311,371,1,1250.8636999999999,5,1,51,new_customers
312,335,1,5419.973,5,1,51,new_customers
313,787,1,4918.366,2,1,21,hibernating
314,836,1,6872.9437,2,1,21,hibernating
315,640,1,2258.1214999999997,3,1,31,about_to_sleep
316,1017,1,6815.9474,1,1,11,hibernating
317,1045,1,1543.7628,1,1,11,hibernating
318,434,1,1662.0538999999999,4,1,41,promising
319,919,1,2337.4625,1,1,11,hibernating
320,393,1,10047.424500000001,4,1,41,promising
321,785,1,1165.0810000000001,2,1,21,hibernating
322,380,1,11832.453899999999,5,1,51,new_customers
323,325,1,2699.991,5,1,51,new_customers
324,1092,1,2165.0816999999997,1,1,11,hibernating
325,506,1,949.9905,4,1,41,promising
326,493,1,2768.3634,4,1,41,promising
327,1022,1,5716.5960000000005,1,1,11,hibernating
328,553,1,8740.966,4,1,41,promising
329,622,1,9499.981,3,1,31,about_to_sleep
330,288,1,11972.927099999999,5,1,51,new_customers
331,863,1,1929.514,2,1,21,hibernating
332,1007,1,5728.9344,1,1,11,hibernating
333,414,1,2840.0460999999996,4,1,41,promising
334,479,1,12663.956,4,1,41,promising
335,666,1,4147.662,3,1,31,about_to_sleep
336,1034,1,754.5812,1,1,11,hibernating
337,867,1,5119.353999999999,2,1,21,hibernating
338,997,1,4132.992,1,1,11,hibernating
339,563,1,17479.957000000002,3,1,31,about_to_sleep
340,643,1,9157.756,3,1,31,about_to_sleep
341,789,1,1199.9840000000002,2,1,21,hibernating
342,584,1,269.99100000000004,3,1,31,about_to_sleep
343,697,1,1800.4814999999999,3,1,31,about_to_sleep
344,710,1,4464.6642,3,1,31,about_to_sleep
345,589,1,9728.9827,3,1,31,about_to_sleep
346,415,1,502.1907,4,1,41,promising
347,714,1,225.89100000000002,3,1,31,about_to_sleep
348,1069,1,3223.184,1,1,11,hibernating
349,713,1,6912.171499999999,3,1,31,about_to_sleep
350,931,1,11462.5954,1,1,11,hibernating
351,468,1,8498.463,4,1,41,promising
352,590,1,5925.560100000001,3,1,31,about_to_sleep
353,526,1,3196.2044,4,1,41,promising
354,536,1,7179.9832,4,1,41,promising
355,563,1,3015.9718999999996,3,1,31,about_to_sleep
356,526,1,9865.4727,4,1,41,promising
357,1002,1,1970.5907,1,1,11,hibernating
358,608,1,3247.248,3,1,31,about_to_sleep
359,848,1,1990.1627999999998,2,1,21,hibernating
360,915,1,6448.2907,1,1,11,hibernating
361,706,1,5154.1467,3,1,31,about_to_sleep
362,833,1,3997.9747,2,1,21,hibernating
363,965,1,242.991,1,1,11,hibernating
364,302,1,5291.965,5,1,51,new_customers
365,771,1,1758.5140000000001,2,1,21,hibernating
366,1009,1,6744.774,1,1,11,hibernating
367,656,1,6602.950500000001,3,1,31,about_to_sleep
368,858,1,751.984,2,1,21,hibernating
369,443,1,1536.1215,4,1,41,promising
370,1013,1,521.9817,1,1,11,hibernating
371,1003,1,1619.991,1,1,11,hibernating
372,625,1,6578.9654,3,1,31,about_to_sleep
373,871,1,949.981,2,1,21,hibernating
374,647,1,14735.4152,3,1,31,about_to_sleep
375,407,1,11391.43,4,1,41,promising
376,591,1,2136.531,3,1,31,about_to_sleep
377,804,1,755.972,2,1,21,hibernating
378,923,1,464.9907,1,1,11,hibernating
379,489,1,6671.6012,4,1,41,promising
380,698,1,2787.9590000000003,3,1,31,about_to_sleep
381,1055,1,888.2814000000001,1,1,11,hibernating
382,683,1,861.0117,3,1,31,about_to_sleep
383,712,1,17305.9384,3,1,31,about_to_sleep
384,595,1,8096.4455,3,1,31,about_to_sleep
385,1049,1,2427.9567,1,1,11,hibernating
386,605,1,4012.6457,3,1,31,about_to_sleep
387,401,1,1367.984,4,1,41,promising
388,481,1,418.4907,4,1,41,promising
389,559,1,877.9812,3,1,31,about_to_sleep
390,983,1,7439.981399999999,1,1,11,hibernating
391,669,1,269.99100000000004,3,1,31,about_to_sleep
392,275,1,1681.9740000000002,5,1,51,new_customers
393,1046,1,2379.973,1,1,11,hibernating
394,607,1,7184.972399999999,3,1,31,about_to_sleep
395,286,1,4041.1537,5,1,51,new_customers
396,852,1,4699.9557,2,1,21,hibernating
397,1048,1,1378.182,1,1,11,hibernating
398,846,1,1139.981,2,1,21,hibernating
399,833,1,1331.9733999999999,2,1,21,hibernating
400,553,1,4766.8345,4,1,41,promising
401,810,1,256.4905,2,1,21,hibernating
402,585,1,2282.965,3,1,31,about_to_sleep
403,1020,1,10866.962199999998,1,1,11,hibernating
404,559,1,519.984,3,1,31,about_to_sleep
405,286,1,1245.973,5,1,51,new_customers
406,628,1,1139.981,3,1,31,about_to_sleep
407,520,1,7719.957,4,1,41,promising
408,527,1,2297.7574999999997,4,1,41,promising
409,1016,1,728.973,1,1,11,hibernating
410,863,1,5478.9484999999995,2,1,21,hibernating
411,927,1,9673.8444,1,1,11,hibernating
412,499,1,2963.9809999999998,4,1,41,promising
413,938,1,5225.9475,1,1,11,hibernating
414,1042,1,1337.0817,1,1,11,hibernating
415,634,1,11349.9574,3,1,31,about_to_sleep
416,851,1,1709.3652000000002,2,1,21,hibernating
417,691,1,7004.841,3,1,31,about_to_sleep
418,369,1,593.991,5,1,51,new_customers
419,540,1,1613.3947,4,1,41,promising
420,642,1,8204.530200000001,3,1,31,about_to_sleep
421,816,1,9838.4455,2,2,22,hibernating
422,1032,1,872.0820000000001,1,2,12,hibernating
423,767,1,599.9920000000001,2,2,22,hibernating
424,905,1,1490.2907,1,2,12,hibernating
425,358,1,20509.425399999996,5,2,52,potential_loyalists
426,410,1,6023.9545,4,2,42,potential_loyalists
427,336,1,3149.991,5,2,52,potential_loyalists
428,625,1,5062.3384,3,2,32,about_to_sleep
429,519,1,3194.082,4,2,42,potential_loyalists
430,655,1,1847.0647,3,2,32,about_to_sleep
431,629,1,1999.3494,3,2,32,about_to_sleep
432,651,1,3489.9734000000003,3,2,32,about_to_sleep
433,671,1,1601.3717,3,2,32,about_to_sleep
434,843,1,3092.9448,2,2,22,hibernating
435,403,1,3439.4575,4,2,42,potential_loyalists
436,547,1,2200.8641,4,2,42,potential_loyalists
437,1076,1,3859.928,1,2,12,hibernating
438,1013,1,1455.974,1,2,12,hibernating
439,722,1,2789.9907,2,2,22,hibernating
440,345,1,4863.968000000001,5,2,52,potential_loyalists
441,876,1,12965.7468,2,2,22,hibernating
442,1091,1,242.991,1,2,12,hibernating
443,361,1,4685.0969,5,2,52,potential_loyalists
444,372,1,8945.75,5,2,52,potential_loyalists
445,764,1,1599.9840000000002,2,2,22,hibernating
446,612,1,377.982,3,2,32,about_to_sleep
447,854,1,5080.6230000000005,2,2,22,hibernating
448,660,1,513.3507,3,2,32,about_to_sleep
449,820,1,1894.541,2,2,22,hibernating
450,1087,1,4030.0561,1,2,12,hibernating
451,863,1,359.20000000000005,2,2,22,hibernating
452,313,1,377.982,5,2,52,potential_loyalists
453,501,1,7823.944000000001,4,2,42,potential_loyalists
454,739,1,464.9907,2,2,22,hibernating
455,627,1,719.984,3,2,32,about_to_sleep
456,506,1,1690.6635,4,2,42,potential_loyalists
457,559,1,377.982,3,2,32,about_to_sleep
458,407,1,1304.9750000000001,4,2,42,potential_loyalists
459,987,1,4877.406,1,2,12,hibernating
460,508,1,5440.362399999999,4,2,42,potential_loyalists
461,549,1,5768.214400000001,4,2,42,potential_loyalists
462,420,1,11463.958,4,2,42,potential_loyalists
463,291,1,10266.9542,5,2,52,potential_loyalists
464,350,1,18853.354399999997,5,2,52,potential_loyalists
465,816,1,1382.972,2,2,22,hibernating
466,739,1,2113.5840000000003,2,2,22,hibernating
467,401,1,2357.9642,4,2,42,potential_loyalists
468,822,1,962.9730000000001,2,2,22,hibernating
469,1028,1,3511.7384,1,2,12,hibernating
470,782,1,3270.2309999999998,2,2,22,hibernating
471,1026,1,569.9905,1,2,12,hibernating
472,574,1,7350.4645,3,2,32,about_to_sleep
473,613,1,11596.428899999999,3,2,32,about_to_sleep
474,302,1,3644.045,5,2,52,potential_loyalists
475,866,1,1139.981,2,2,22,hibernating
476,346,1,1394.9814,5,2,52,potential_loyalists
477,617,1,1044.981,3,2,32,about_to_sleep
478,290,1,4700.0626999999995,5,2,52,potential_loyalists
479,649,1,8109.950500000001,3,2,32,about_to_sleep
480,894,1,3074.2065000000002,1,2,12,hibernating
481,818,1,6947.9474,2,2,22,hibernating
482,425,1,279.992,4,2,42,potential_loyalists
483,295,1,1519.2,5,2,52,potential_loyalists
484,1019,1,6332.9424,1,2,12,hibernating
485,538,1,1635.5468,4,2,42,potential_loyalists
486,442,1,5834.1357,4,2,42,potential_loyalists
487,755,1,1450.023,2,2,22,hibernating
488,327,1,6259.265,5,2,52,potential_loyalists
489,958,1,2853.963,1,2,12,hibernating
490,658,1,6804.958,3,2,32,about_to_sleep
491,323,1,6971.553699999999,5,2,52,potential_loyalists
492,831,1,9927.5559,2,2,22,hibernating
493,501,1,576.7917,4,2,42,potential_loyalists
494,472,1,1494.9554,4,2,42,potential_loyalists
495,531,1,2446.941,4,2,42,potential_loyalists
496,658,1,8056.768000000001,3,2,32,about_to_sleep
497,929,1,2958.3021,1,2,12,hibernating
498,1006,1,3238.9623999999994,1,2,12,hibernating
499,701,1,9704.9449,3,2,32,about_to_sleep
500,678,1,6196.644399999999,3,2,32,about_to_sleep
501,958,1,712.4905,1,2,12,hibernating
502,348,1,2312.4447,5,2,52,potential_loyalists
503,535,1,13242.962,4,2,42,potential_loyalists
504,1060,1,1200.542,1,2,12,hibernating
505,278,1,6813.7535,5,2,52,potential_loyalists
506,795,1,8359.215999999999,2,2,22,hibernating
507,599,1,3022.8714999999997,3,2,32,about_to_sleep
508,438,1,697.4907,4,2,42,potential_loyalists
509,403,1,11787.5533,4,2,42,potential_loyalists
510,941,1,2346.6623999999997,1,2,12,hibernating
511,555,1,1277.9660000000001,3,2,32,about_to_sleep
512,727,1,3509.973,2,2,22,hibernating
513,817,1,458.98300000000006,2,2,22,hibernating
514,968,1,242.991,1,2,12,hibernating
515,289,1,3766.6347,5,2,52,potential_loyalists
516,1044,1,1499.9660000000001,1,2,12,hibernating
517,468,1,9044.927,4,2,42,potential_loyalists
518,291,1,3039.9809999999998,5,2,52,potential_loyalists
519,583,1,2747.2394999999997,3,2,32,about_to_sleep
520,731,1,2754.9905,2,2,22,hibernating
521,1048,1,3998.362,1,2,12,hibernating
522,857,1,1196.9665,2,2,22,hibernating
523,1094,1,1519.981,1,2,12,hibernating
524,639,1,5017.855099999999,3,2,32,about_to_sleep
525,565,1,18114.9309,3,2,32,about_to_sleep
526,1056,1,4422.9400000000005,1,2,12,hibernating
527,869,1,4279.5725,2,2,22,hibernating
528,891,1,845.9820000000001,1,2,12,hibernating
529,1048,1,7568.0544,1,2,12,hibernating
530,697,1,5382.0464,3,2,32,about_to_sleep
531,665,1,15087.2644,3,2,32,about_to_sleep
532,727,1,527.984,2,2,22,hibernating
533,382,1,3346.0319,4,2,42,potential_loyalists
534,452,1,16846.953999999998,4,2,42,potential_loyalists
535,1061,1,1759.976,1,2,12,hibernating
536,866,1,8376.9244,2,2,22,hibernating
537,566,1,4318.0054,3,2,32,about_to_sleep
538,753,1,7042.6723999999995,2,2,22,hibernating
539,512,1,269.99100000000004,4,2,42,potential_loyalists
540,933,1,7251.965499999999,1,2,12,hibernating
541,1082,1,11406.4285,1,2,12,hibernating
542,856,1,2501.764,2,2,22,hibernating
543,693,1,10336.9624,3,2,32,about_to_sleep
544,423,1,9908.4642,4,2,42,potential_loyalists
545,409,1,7782.873,4,2,42,potential_loyalists
546,925,1,2197.9500000000003,1,2,12,hibernating
547,320,1,11183.043399999999,5,2,52,potential_loyalists
548,449,1,1949.6365,4,2,42,potential_loyalists
549,822,1,557.9907,2,2,22,hibernating
550,724,1,10794.3537,2,2,22,hibernating
551,880,1,642.5419999999999,2,2,22,hibernating
552,1084,1,2449.7546,1,2,12,hibernating
553,821,1,2197.892,2,2,22,hibernating
554,464,1,4459.2184,4,2,42,potential_loyalists
555,824,1,4654.9529999999995,2,2,22,hibernating
556,549,1,1902.5629,4,2,42,potential_loyalists
557,1011,1,359.20000000000005,1,2,12,hibernating
558,977,1,431.98400000000004,1,2,12,hibernating
559,821,1,9408.7878,2,2,22,hibernating
560,742,1,3502.4932,2,2,22,hibernating
561,735,1,953.9820000000001,2,2,22,hibernating
562,693,1,2509.881,3,2,32,about_to_sleep
563,1060,1,1703.6815000000001,1,2,12,hibernating
564,662,1,8392.9437,3,2,32,about_to_sleep
565,900,1,5578.1307,1,2,12,hibernating
566,303,1,4458.955,5,2,52,potential_loyalists
567,364,1,5579.962799999999,5,2,52,potential_loyalists
568,895,1,6479.944,1,2,12,hibernating
569,797,1,7105.7751,2,2,22,hibernating
570,560,1,1556.7828,3,2,32,about_to_sleep
571,417,1,6578.9291,4,2,42,potential_loyalists
572,663,1,930.981,3,2,32,about_to_sleep
573,914,1,1229.0919999999999,1,2,12,hibernating
574,997,1,6462.4635,1,2,12,hibernating
575,831,1,2222.8722,2,2,22,hibernating
576,861,1,10574.962399999999,2,2,22,hibernating
577,1024,1,5909.614799999999,1,2,12,hibernating
578,852,1,8342.939,2,2,22,hibernating
579,936,1,6397.4717,1,2,12,hibernating
580,354,1,2975.9906999999994,5,2,52,potential_loyalists
581,761,1,7824.040099999999,2,2,22,hibernating
582,519,1,3168.5541,4,2,42,potential_loyalists
583,1071,1,11578.6544,1,2,12,hibernating
584,882,1,2090.6642,2,2,22,hibernating
585,567,1,959.984,3,2,32,about_to_sleep
586,805,1,386.1,2,2,22,hibernating
587,1051,1,8763.964399999999,1,2,12,hibernating
588,523,1,1052.9630000000002,4,2,42,potential_loyalists
589,491,1,1512.891,4,2,42,potential_loyalists
590,537,1,1655.0719,4,2,42,potential_loyalists
591,971,1,1646.3814,1,2,12,hibernating
592,656,1,422.99100000000004,3,2,32,about_to_sleep
593,433,1,208.981,4,2,42,potential_loyalists
594,352,1,9942.14,5,2,52,potential_loyalists
595,292,1,13191.9384,5,2,52,potential_loyalists
596,501,1,1422.4825,4,2,42,potential_loyalists
597,622,1,4017.4401,3,2,32,about_to_sleep
598,474,1,9645.3834,4,2,42,potential_loyalists
599,301,1,3535.2758999999996,5,2,52,potential_loyalists
600,972,1,4038.502699999999,1,2,12,hibernating
601,286,1,377.982,5,2,52,potential_loyalists
602,501,1,799.984,4,2,42,potential_loyalists
603,852,1,4890.365400000001,2,2,22,hibernating
604,369,1,837.9827,5,2,52,potential_loyalists
605,590,1,5442.0740000000005,3,2,32,about_to_sleep
606,694,1,4387.966,3,2,32,about_to_sleep
607,644,1,17580.7168,3,2,32,about_to_sleep
608,1065,1,502.1814,1,2,12,hibernating
609,587,1,11035.847999999998,3,2,32,about_to_sleep
610,998,1,8696.072,1,2,12,hibernating
611,562,1,5219.982,3,2,32,about_to_sleep
612,1053,1,4196.0278,1,2,12,hibernating
613,801,1,502.1814,2,2,22,hibernating
614,701,1,3935.9680000000008,3,2,32,about_to_sleep
615,958,1,4911.437899999999,1,2,12,hibernating
616,988,1,3372.138,1,2,12,hibernating
617,462,1,993.2213999999999,4,2,42,potential_loyalists
618,564,1,3159.926,3,2,32,about_to_sleep
619,645,1,4100.4358999999995,3,2,32,about_to_sleep
620,531,1,2065.9827,4,2,42,potential_loyalists
621,538,1,1553.965,4,2,42,potential_loyalists
622,890,1,512.981,2,2,22,hibernating
623,281,1,1253.981,5,2,52,potential_loyalists
624,752,1,4271.1134,2,2,22,hibernating
625,683,1,3860.1454000000003,3,2,32,about_to_sleep
626,712,1,7022.9623999999985,3,2,32,about_to_sleep
627,902,1,11479.5394,1,2,12,hibernating
628,579,1,3105.9644,3,2,32,about_to_sleep
629,638,1,1754.1460000000002,3,2,32,about_to_sleep
630,1029,1,1265.9723999999999,1,2,12,hibernating
631,572,1,6749.973399999999,3,2,32,about_to_sleep
632,938,1,2599.168,1,2,12,hibernating
633,1030,1,845.182,1,2,12,hibernating
634,745,1,1364.944,2,2,22,hibernating
635,971,1,1502.9630000000002,1,2,12,hibernating
636,1078,1,2635.122,1,2,12,hibernating
637,350,1,8127.9469,5,2,52,potential_loyalists
638,923,1,1832.0628,1,2,12,hibernating
639,799,1,2420.553,2,2,22,hibernating
640,974,1,5809.477400000001,1,2,12,hibernating
641,822,1,3563.0245000000004,2,2,22,hibernating
642,890,1,772.2,2,2,22,hibernating
643,990,1,5224.5464,1,2,12,hibernating
644,615,1,4001.9184,3,2,32,about_to_sleep
645,537,1,3818.2929999999997,4,2,42,potential_loyalists
646,665,1,6468.2263,3,2,32,about_to_sleep
647,442,1,1353.748,4,2,42,potential_loyalists
648,1040,1,3475.8442999999997,1,2,12,hibernating
649,951,1,8550.052699999998,1,2,12,hibernating
650,561,1,2701.1742,3,2,32,about_to_sleep
651,595,1,16890.1469,3,2,32,about_to_sleep
652,455,1,1063.8921,4,2,42,potential_loyalists
653,648,1,3191.9524999999994,3,2,32,about_to_sleep
654,743,1,660.5905,2,2,22,hibernating
655,503,1,655.1907,4,2,42,potential_loyalists
656,579,1,1094.9750000000001,3,2,32,about_to_sleep
657,1078,1,3633.3590000000004,1,2,12,hibernating
658,563,1,557.9814,3,2,32,about_to_sleep
659,890,1,853.0999999999999,2,2,22,hibernating
660,689,1,5959.0657,3,2,32,about_to_sleep
661,606,1,9287.9439,3,2,32,about_to_sleep
662,623,1,3960.4315000000006,3,2,32,about_to_sleep
663,470,1,14567.157,4,2,42,potential_loyalists
664,799,1,1272.784,2,2,22,hibernating
665,420,1,7040.8464,4,2,42,potential_loyalists
666,633,1,8570.9665,3,2,32,about_to_sleep
667,834,1,2827.9494,2,2,22,hibernating
668,1044,1,2100.9225,1,2,12,hibernating
669,430,1,2899.4846,4,2,42,potential_loyalists
670,897,1,3586.7070000000003,1,2,12,hibernating
671,660,1,583.9760000000001,3,2,32,about_to_sleep
672,684,1,7111.0354,3,2,32,about_to_sleep
673,723,1,3695.4745000000003,2,2,22,hibernating
674,631,1,1402.7740000000001,3,2,32,about_to_sleep
675,496,1,7253.619500000001,4,2,42,potential_loyalists
676,794,1,512.981,2,2,22,hibernating
677,1030,1,242.991,1,2,12,hibernating
678,737,1,1673.9906999999998,2,2,22,hibernating
679,1016,1,3038.3214,1,2,12,hibernating
680,329,1,1987.966,5,2,52,potential_loyalists
681,710,1,13130.8288,3,2,32,about_to_sleep
682,934,1,4799.9839999999995,1,2,12,hibernating
683,752,1,879.984,2,2,22,hibernating
684,721,1,511.49069999999995,2,2,22,hibernating
685,1020,1,386.1,1,2,12,hibernating
686,818,1,3816.4624,2,2,22,hibernating
687,553,1,7971.2261,4,2,42,potential_loyalists
688,758,1,3347.9813999999997,2,2,22,hibernating
689,340,1,6803.971899999999,5,2,52,potential_loyalists
690,659,1,12104.786,3,2,32,about_to_sleep
691,827,1,4067.6639999999998,2,2,22,hibernating
692,283,1,13821.530999999999,5,2,52,potential_loyalists
693,1010,1,375.992,1,2,12,hibernating
694,672,1,3531.3039,3,2,32,about_to_sleep
695,905,1,1006.981,1,2,12,hibernating
696,1082,1,6240.553999999999,1,2,12,hibernating
697,822,1,728.973,2,2,22,hibernating
698,670,1,1585.156,3,2,32,about_to_sleep
699,583,1,1422.963,3,2,32,about_to_sleep
700,653,1,12541.763399999998,3,2,32,about_to_sleep
701,662,1,5126.9531,3,2,32,about_to_sleep
702,422,1,6762.1399,4,2,42,potential_loyalists
703,816,1,398.96999999999997,2,2,22,hibernating
704,834,1,988.4817,2,2,22,hibernating
705,907,1,3463.545,1,2,12,hibernating
706,545,1,2452.948,4,2,42,potential_loyalists
707,768,1,1559.9725,2,2,22,hibernating
708,458,1,1899.981,4,2,42,potential_loyalists
709,816,1,3359.9717,2,2,22,hibernating
710,1013,1,1765.1307,1,3,13,at_risk
711,748,1,4436.6034,2,3,23,at_risk
712,812,1,3065.9825,2,3,23,at_risk
713,374,1,8712.8466,5,3,53,potential_loyalists
714,1008,1,256.4905,1,3,13,at_risk
715,623,1,10187.945099999999,3,3,33,need_attention
716,964,1,3591.27,1,3,13,at_risk
717,850,1,6659.9627,2,3,23,at_risk
718,582,1,167.99200000000002,3,3,33,need_attention
719,755,1,1006.981,2,3,23,at_risk
720,457,1,1389.772,4,3,43,potential_loyalists
721,808,1,479.992,2,3,23,at_risk
722,562,1,3292.0046,3,3,33,need_attention
723,542,1,6074.048199999999,4,3,43,potential_loyalists
724,799,1,6152.6533,2,3,23,at_risk
725,635,1,396.1405,3,3,33,need_attention
726,839,1,7176.214899999999,2,3,23,at_risk
727,977,1,7855.2405,1,3,13,at_risk
728,978,1,7918.8446,1,3,13,at_risk
729,719,1,799.9920000000001,2,3,23,at_risk
730,431,1,4327.0254,4,3,43,potential_loyalists
731,666,1,1652.981,3,3,33,need_attention
732,913,1,8975.157,1,3,13,at_risk
733,703,1,959.984,3,3,33,need_attention
734,399,1,13287.526199999998,4,3,43,potential_loyalists
735,484,1,2605.2824,4,3,43,potential_loyalists
736,567,1,4507.6134,3,3,33,need_attention
737,954,1,2748.7464,1,3,13,at_risk
738,280,1,9532.3529,5,3,53,potential_loyalists
739,780,1,4746.6324,2,3,23,at_risk
740,1026,1,1644.5165,1,3,13,at_risk
741,701,1,1349.982,3,3,33,need_attention
742,956,1,4617.758,1,3,13,at_risk
743,971,1,954.9825000000001,1,3,13,at_risk
744,292,1,5923.9551,5,3,53,potential_loyalists
745,707,1,1692.5720999999999,3,3,33,need_attention
746,1067,1,386.1,1,3,13,at_risk
747,486,1,11831.3359,4,3,43,potential_loyalists
748,530,1,6382.9455,4,3,43,potential_loyalists
749,477,1,5893.554999999999,4,3,43,potential_loyalists
750,882,1,1307.6225,2,3,23,at_risk
751,543,1,5498.3679999999995,4,3,43,potential_loyalists
752,490,1,170.991,4,3,43,potential_loyalists
753,794,1,1022.9813999999999,2,3,23,at_risk
754,286,1,6887.1357,5,3,53,potential_loyalists
755,1022,1,9210.7184,1,3,13,at_risk
756,989,1,4318.4515,1,3,13,at_risk
757,462,1,2511.4647000000004,4,3,43,potential_loyalists
758,868,1,6169.963,2,3,23,at_risk
759,791,1,2214.0537,2,3,23,at_risk
760,974,1,4105.112999999999,1,3,13,at_risk
761,361,1,3546.929,5,3,53,potential_loyalists
762,699,1,5537.981699999999,3,3,33,need_attention
763,1008,1,1525.1627999999998,1,3,13,at_risk
764,932,1,3163.0425999999998,1,3,13,at_risk
765,338,1,4737.2644,5,3,53,potential_loyalists
766,1021,1,989.9820000000001,1,3,13,at_risk
767,1062,1,464.9907,1,3,13,at_risk
768,422,1,6515.955,4,3,43,potential_loyalists
769,579,1,1258.972,3,3,33,need_attention
770,709,1,2208.9745,3,3,33,need_attention
771,445,1,2891.7542000000003,4,3,43,potential_loyalists
772,652,1,1174.5654,3,3,33,need_attention
773,794,1,4873.9557,2,3,23,at_risk
774,400,1,5806.037499999999,4,3,43,potential_loyalists
775,618,1,908.076,3,3,33,need_attention
776,621,1,333.59200000000004,3,3,33,need_attention
777,510,1,2379.4635,4,3,43,potential_loyalists
778,389,1,8481.898000000001,4,3,43,potential_loyalists
779,889,1,5055.113,2,3,23,at_risk
780,919,1,11314.072999999999,1,3,13,at_risk
781,580,1,4205.981699999999,3,3,33,need_attention
782,505,1,7183.3227,4,3,43,potential_loyalists
783,429,1,10998.0295,4,3,43,potential_loyalists
784,604,1,1194.2817,3,3,33,need_attention
785,812,1,929.9814,2,3,23,at_risk
786,1022,1,539.991,1,3,13,at_risk
787,460,1,7575.3454,4,3,43,potential_loyalists
788,967,1,242.991,1,3,13,at_risk
789,457,1,2195.5747,4,3,43,potential_loyalists
790,702,1,2719.4764,3,3,33,need_attention
791,836,1,1189.9825,2,3,23,at_risk
792,757,1,847.984,2,3,23,at_risk
793,499,1,7327.040100000001,4,3,43,potential_loyalists
794,653,1,9274.9654,3,3,33,need_attention
795,897,1,2431.165,1,3,13,at_risk
796,813,1,1926.5809999999997,2,3,23,at_risk
797,1054,1,1984.0729999999999,1,3,13,at_risk
798,482,1,11062.4171,4,3,43,potential_loyalists
799,530,1,2873.9400000000005,4,3,43,potential_loyalists
800,923,1,8177.0540999999985,1,3,13,at_risk
801,941,1,4044.848700000001,1,3,13,at_risk
802,948,1,9385.101999999999,1,3,13,at_risk
803,426,1,12867.958,4,3,43,potential_loyalists
804,572,1,417.9905,3,3,33,need_attention
805,685,1,335.98400000000004,3,3,33,need_attention
806,883,1,4037.9646999999995,2,3,23,at_risk
807,429,1,4231.121999999999,4,3,43,potential_loyalists
808,832,1,8083.9627,2,3,23,at_risk
809,702,1,15416.1565,3,3,33,need_attention
810,467,1,10951.5614,4,3,43,potential_loyalists
811,637,1,1863.966,3,3,33,need_attention
812,499,1,1227.5814,4,3,43,potential_loyalists
813,1074,1,3376.5951000000005,1,3,13,at_risk
814,737,1,1754.0464000000002,2,3,23,at_risk
815,969,1,10620.044899999999,1,3,13,at_risk
816,276,1,1669.9825,5,3,53,potential_loyalists
817,793,1,2252.915,2,3,23,at_risk
818,329,1,2419.7634,5,3,53,potential_loyalists
819,764,1,4784.1587,2,3,23,at_risk
820,289,1,3229.9525000000003,5,3,53,potential_loyalists
821,374,1,633.6245,5,3,53,potential_loyalists
822,287,1,1396.4904999999999,5,3,53,potential_loyalists
823,752,1,3464.0224,2,3,23,at_risk
824,381,1,10132.3624,4,3,43,potential_loyalists
825,866,1,1934.9634,2,3,23,at_risk
826,452,1,3671.7054,4,3,43,potential_loyalists
827,816,1,375.992,2,3,23,at_risk
828,493,1,2716.7650000000003,4,3,43,potential_loyalists
829,607,1,845.9820000000001,3,3,33,need_attention
830,596,1,989.9820000000001,3,3,33,need_attention
831,808,1,4169.981699999999,2,3,23,at_risk
832,673,1,3146.4644999999996,3,3,33,need_attention
833,765,1,5779.8175,2,3,23,at_risk
834,872,1,1694.0557000000001,2,3,23,at_risk
835,793,1,1485.4635,2,3,23,at_risk
836,557,1,9161.946,3,3,33,need_attention
837,526,1,6829.531,4,3,43,potential_loyalists
838,302,1,9849.074,5,3,53,potential_loyalists
839,303,1,4521.8839,5,3,53,potential_loyalists
840,427,1,15097.905999999999,4,3,43,potential_loyalists
841,662,1,1546.384,3,3,33,need_attention
842,663,1,692.0817,3,3,33,need_attention
843,844,1,1351.7224,2,3,23,at_risk
844,609,1,10186.628499999999,3,3,33,need_attention
845,680,1,2011.4626,3,3,33,need_attention
846,370,1,728.9730000000001,5,3,53,potential_loyalists
847,723,1,836.9814,2,3,23,at_risk
848,894,1,4991.9664999999995,1,3,13,at_risk
849,917,1,1034.2827000000002,1,3,13,at_risk
850,692,1,104.4905,3,3,33,need_attention
851,943,1,992.965,1,3,13,at_risk
852,825,1,989.9820000000001,2,3,23,at_risk
853,826,1,7601.154699999999,2,3,23,at_risk
854,987,1,1972.9624,1,3,13,at_risk
855,734,1,2008.7628,2,3,23,at_risk
856,319,1,3659.9825,5,3,53,potential_loyalists
857,592,1,418.4907,3,3,33,need_attention
858,708,1,1804.8564999999999,3,3,33,need_attention
859,291,1,7659.3381,5,3,53,potential_loyalists
860,341,1,451.78200000000004,5,3,53,potential_loyalists
861,1068,1,4169.9815,1,3,13,at_risk
862,364,1,5835.858,5,3,53,potential_loyalists
863,648,1,5801.933999999999,3,3,33,need_attention
864,680,1,3390.4649999999997,3,3,33,need_attention
865,457,1,3995.6247000000003,4,3,43,potential_loyalists
866,326,1,6843.9442,5,3,53,potential_loyalists
867,563,1,10529.963,3,3,33,need_attention
868,609,1,1311.2907,3,3,33,need_attention
869,457,1,1037.3715,4,3,43,potential_loyalists
870,680,1,8309.4449,3,3,33,need_attention
871,599,1,11588.6474,3,3,33,need_attention
872,1065,1,2497.9559,1,3,13,at_risk
873,1088,1,3278.054,1,3,13,at_risk
874,827,1,1344.7920000000001,2,3,23,at_risk
875,813,1,269.99100000000004,2,3,23,at_risk
876,815,1,1525.1539,2,3,23,at_risk
877,587,1,7783.4219,3,3,33,need_attention
878,380,1,7984.939,5,3,53,potential_loyalists
879,932,1,1276.9750000000001,1,3,13,at_risk
880,562,1,11120.3254,3,3,33,need_attention
881,581,1,1367.0907,3,3,33,need_attention
882,835,1,6229.1214,2,3,23,at_risk
883,619,1,13107.441,3,3,33,need_attention
884,697,1,845.9820000000001,3,3,33,need_attention
885,910,1,4624.9376999999995,1,3,13,at_risk
886,429,1,9927.2049,4,3,43,potential_loyalists
887,584,1,4369.3445,3,3,33,need_attention
888,456,1,10728.4385,4,3,43,potential_loyalists
889,456,1,949.1727000000001,4,3,43,potential_loyalists
890,628,1,3750.873199999999,3,3,33,need_attention
891,868,1,655.984,2,3,23,at_risk
892,779,1,2754.9905,2,3,23,at_risk
893,396,1,8820.1505,4,3,43,potential_loyalists
894,770,1,4495.272500000001,2,3,23,at_risk
895,519,1,6929.1049,4,3,43,potential_loyalists
896,749,1,6715.433999999999,2,3,23,at_risk
897,679,1,611.9820000000001,3,3,33,need_attention
898,502,1,3567.561,4,3,43,potential_loyalists
899,816,1,3239.982,2,3,23,at_risk
900,453,1,4298.4537,4,3,43,potential_loyalists
901,722,1,712.4905,2,3,23,at_risk
902,612,1,1217.264,3,3,33,need_attention
903,416,1,5588.5185,4,3,43,potential_loyalists
904,356,1,14397.1379,5,3,53,potential_loyalists
905,355,1,12089.981399999999,5,3,53,potential_loyalists
906,320,1,4749.981,5,3,53,potential_loyalists
907,881,1,3495.6623999999997,2,3,23,at_risk
908,704,1,15439.946799999998,3,3,33,need_attention
909,572,1,2099.9637000000002,3,3,33,need_attention
910,674,1,4334.0585,3,3,33,need_attention
911,500,1,1611.0747000000001,4,3,43,potential_loyalists
912,483,1,4949.991,4,3,43,potential_loyalists
913,779,1,1841.6217000000001,2,3,23,at_risk
914,321,1,1793.7574,5,3,53,potential_loyalists
915,538,1,1301.4715,4,3,43,potential_loyalists
916,352,1,7951.146799999999,5,3,53,potential_loyalists
917,849,1,5219.982,2,3,23,at_risk
918,988,1,557.9907,1,3,13,at_risk
919,978,1,5989.9367,1,3,13,at_risk
920,319,1,9314.8357,5,3,53,potential_loyalists
921,816,1,1328.6529,2,3,23,at_risk
922,705,1,6978.715099999999,3,3,33,need_attention
923,1082,1,5671.1307,1,3,13,at_risk
924,895,1,683.0747,1,3,13,at_risk
925,1024,1,474.9905,1,3,13,at_risk
926,1007,1,926.091,1,3,13,at_risk
927,803,1,1516.3400000000001,2,3,23,at_risk
928,945,1,1264.9827,1,3,13,at_risk
929,1038,1,4689.4559,1,3,13,at_risk
930,483,1,1464.2552,4,3,43,potential_loyalists
931,371,1,4305.9576,5,3,53,potential_loyalists
932,809,1,1973.7314,2,3,23,at_risk
933,934,1,1708.3719,1,3,13,at_risk
934,456,1,7999.962999999999,4,3,43,potential_loyalists
935,399,1,1850.0567,4,3,43,potential_loyalists
936,472,1,2411.4715,4,3,43,potential_loyalists
937,336,1,3865.7654,5,3,53,potential_loyalists
938,299,1,2135.0624,5,3,53,potential_loyalists
939,673,1,2230.5485,3,3,33,need_attention
940,627,1,1885.8838999999998,3,3,33,need_attention
941,896,1,3018.2852,1,3,13,at_risk
942,772,1,1499.9719,2,3,23,at_risk
943,968,1,683.0747,1,3,13,at_risk
944,844,1,1964.0810000000001,2,3,23,at_risk
945,473,1,4814.6255,4,3,43,potential_loyalists
946,662,1,4062.3333999999995,3,3,33,need_attention
947,385,1,1082.9715,4,3,43,potential_loyalists
948,627,1,6793.9655,3,3,33,need_attention
949,714,1,1279.0627,3,3,33,need_attention
950,402,1,3799.1634,4,3,43,potential_loyalists
951,992,1,3292.427,1,3,13,at_risk
952,753,1,4644.9130000000005,2,3,23,at_risk
953,665,1,2681.1565,3,3,33,need_attention
954,865,1,3269.9827,2,3,23,at_risk
955,358,1,4274.981,5,3,53,potential_loyalists
956,947,1,1060.553,1,3,13,at_risk
957,574,1,912.2729999999999,3,3,33,need_attention
958,693,1,5557.3307,3,3,33,need_attention
959,775,1,8816.954399999999,2,3,23,at_risk
960,443,1,7995.8047,4,3,43,potential_loyalists
961,883,1,5338.9555,2,3,23,at_risk
962,680,1,1856.6117,3,3,33,need_attention
963,885,1,6416.5944,2,3,23,at_risk
964,825,1,502.1814,2,3,23,at_risk
965,1062,1,4781.9310000000005,1,3,13,at_risk
966,580,1,5107.863799999999,3,3,33,need_attention
967,388,1,2309.3035,4,3,43,potential_loyalists
968,659,1,1394.9906999999998,3,3,33,need_attention
969,680,1,391.992,3,3,33,need_attention
970,356,1,4499.991,5,3,53,potential_loyalists
971,590,1,15876.4261,3,3,33,need_attention
972,290,1,6396.9646999999995,5,3,53,potential_loyalists
973,735,1,4835.375999999999,2,3,23,at_risk
974,611,1,1197.0725,3,3,33,need_attention
975,721,1,4269.9572,2,3,23,at_risk
976,699,1,16950.076999999997,3,3,33,need_attention
977,811,1,3328.0631,2,3,23,at_risk
978,468,1,1064.682,4,3,43,potential_loyalists
979,1069,1,2867.275,1,3,13,at_risk
980,395,1,1416.573,4,3,43,potential_loyalists
981,870,1,1022.9813999999999,2,3,23,at_risk
982,291,1,2877.7652000000003,5,3,53,potential_loyalists
983,332,1,9712.9515,5,3,53,potential_loyalists
984,819,1,6335.663699999999,2,3,23,at_risk
985,718,1,7130.5405,2,3,23,at_risk
986,803,1,4544.8471,2,3,23,at_risk
987,317,1,2738.2497000000003,5,3,53,potential_loyalists
988,829,1,2432.9444,2,3,23,at_risk
989,768,1,5090.4175,2,3,23,at_risk
990,755,1,8200.726700000001,2,3,23,at_risk
991,1033,1,8062.1245,1,3,13,at_risk
992,648,1,1139.962,3,3,33,need_attention
993,633,1,377.982,3,3,33,need_attention
994,875,1,3403.8540000000003,2,3,23,at_risk
995,869,1,4447.724,2,3,23,at_risk
996,1057,1,494.99100000000004,1,3,13,at_risk
997,830,1,10986.904,2,3,23,at_risk
998,417,1,5528.957,4,3,43,potential_loyalists
999,299,1,6530.911899999999,5,4,54,champions
1000,629,1,1950.5750000000003,3,4,34,loyal_customers
1001,854,1,3911.8624999999997,2,4,24,at_risk
1002,431,1,1233.6722,4,4,44,loyal_customers
1003,499,1,3594.863,4,4,44,loyal_customers
1004,881,1,278.9907,2,4,24,at_risk
1005,307,1,17611.957000000002,5,4,54,champions
1006,466,1,6723.0765,4,4,44,loyal_customers
1007,333,1,18278.9436,5,4,54,champions
1008,344,1,892.981,5,4,54,champions
1009,485,1,314.99100000000004,4,4,44,loyal_customers
1010,346,1,9479.9557,5,4,54,champions
1011,880,1,1042.1724,2,4,24,at_risk
1012,1066,1,6712.8464,1,4,14,at_risk
1013,336,1,1209.4747,5,4,54,champions
1014,395,1,5699.981,4,4,44,loyal_customers
1015,652,1,6824.972399999999,3,4,34,loyal_customers
1016,349,1,1797.975,5,4,54,champions
1017,427,1,1368.0717,4,4,44,loyal_customers
1018,656,1,10792.247,3,4,34,loyal_customers
1019,899,1,11950.476599999998,1,4,14,at_risk
1020,587,1,14141.339399999999,3,4,34,loyal_customers
1021,372,1,5863.4454,5,4,54,champions
1022,444,1,440.99100000000004,4,4,44,loyal_customers
1023,479,1,19329.9492,4,4,44,loyal_customers
1024,602,1,6412.5547,3,4,34,loyal_customers
1025,566,1,927.9840000000002,3,4,34,loyal_customers
1026,363,1,7938.9374,5,4,54,champions
1027,371,1,2217.6427,5,4,54,champions
1028,830,1,3564.9664999999995,2,4,24,at_risk
1029,286,1,2804.1440000000002,5,4,54,champions
1030,888,1,3049.983,2,4,24,at_risk
1031,453,1,8787.1297,4,4,44,loyal_customers
1032,752,1,3121.4817,2,4,24,at_risk
1033,392,1,2889.8561,4,4,44,loyal_customers
1034,997,1,9874.6525,1,4,14,at_risk
1035,1080,1,1104.4745,1,4,14,at_risk
1036,481,1,700.792,4,4,44,loyal_customers
1037,351,1,17758.349000000002,5,4,54,champions
1038,596,1,1805.9660000000001,3,4,34,loyal_customers
1039,843,1,2329.5760000000005,2,4,24,at_risk
1040,733,1,6068.9490000000005,2,4,24,at_risk
1041,422,1,5627.956999999999,4,4,44,loyal_customers
1042,878,1,5588.344399999999,2,4,24,at_risk
1043,305,1,7256.773799999999,5,4,54,champions
1044,292,1,1041.5814,5,4,54,champions
1045,936,1,2155.172,1,4,14,at_risk
1046,605,1,2205.7557,3,4,34,loyal_customers
1047,1064,1,1786.4650000000001,1,4,14,at_risk
1048,814,1,6319.945999999999,2,4,24,at_risk
1049,1017,1,3027.0319,1,4,14,at_risk
1050,467,1,480.591,4,4,44,loyal_customers
1051,713,1,9399.965,3,4,34,loyal_customers
1052,319,1,7663.9490000000005,5,4,54,champions
1053,309,1,1257.972,5,4,54,champions
1054,870,1,3899.9656999999997,2,4,24,at_risk
1055,829,1,2849.9905,2,4,24,at_risk
1056,798,1,4503.7459,2,4,24,at_risk
1057,644,1,5851.9257,3,4,34,loyal_customers
1058,771,1,2743.984,2,4,24,at_risk
1059,624,1,3185.9454,3,4,34,loyal_customers
1060,394,1,8011.311999999999,4,4,44,loyal_customers
1061,829,1,1076.9307,2,4,24,at_risk
1062,840,1,4477.174,2,4,24,at_risk
1063,466,1,13765.5468,4,4,44,loyal_customers
1064,533,1,1060.1721,4,4,44,loyal_customers
1065,444,1,466.84139999999996,4,4,44,loyal_customers
1066,353,1,4030.9569999999994,5,4,54,champions
1067,456,1,4130.3445,4,4,44,loyal_customers
1068,582,1,3167.9562,3,4,34,loyal_customers
1069,1044,1,8280.543,1,4,14,at_risk
1070,534,1,12774.245099999998,4,4,44,loyal_customers
1071,851,1,3370.5721,2,4,24,at_risk
1072,668,1,4064.8377,3,4,34,loyal_customers
1073,746,1,1115.9814,2,4,24,at_risk
1074,974,1,1072.1624,1,4,14,at_risk
1075,1058,1,2653.073,1,4,14,at_risk
1076,465,1,1619.991,4,4,44,loyal_customers
1077,516,1,718.4000000000001,4,4,44,loyal_customers
1078,1028,1,4803.6301,1,4,14,at_risk
1079,994,1,758.9827,1,4,14,at_risk
1080,862,1,3430.9631,2,4,24,at_risk
1081,695,1,7747.739,3,4,34,loyal_customers
1082,948,1,3199.992,1,4,14,at_risk
1083,363,1,3866.0454,5,4,54,champions
1084,343,1,8303.3719,5,4,54,champions
1085,836,1,5841.5215,2,4,24,at_risk
1086,499,1,12400.848,4,4,44,loyal_customers
1087,463,1,2190.566,4,4,44,loyal_customers
1088,380,1,3793.1580000000004,5,4,54,champions
1089,823,1,6784.956700000001,2,4,24,at_risk
1090,442,1,12392.9547,4,4,44,loyal_customers
1091,431,1,4445.0608999999995,4,4,44,loyal_customers
1092,554,1,753.5840000000001,3,4,34,loyal_customers
1093,724,1,3447.2278,2,4,24,at_risk
1094,1038,1,824.9815,1,4,14,at_risk
1095,1069,1,426.54999999999995,1,4,14,at_risk
1096,796,1,4169.3542,2,4,24,at_risk
1097,696,1,4195.3079,3,4,34,loyal_customers
1098,408,1,889.5840000000001,4,4,44,loyal_customers
1099,406,1,1019.963,4,4,44,loyal_customers
1100,480,1,18670.9288,4,4,44,loyal_customers
1101,284,1,4196.9552,5,4,54,champions
1102,972,1,3891.5125,1,4,14,at_risk
1103,749,1,12334.957,2,4,24,at_risk
1104,664,1,2362.1628,3,4,34,loyal_customers
1105,643,1,2843.0734,3,4,34,loyal_customers
1106,499,1,1576.7820000000002,4,4,44,loyal_customers
1107,421,1,1868.9634,4,4,44,loyal_customers
1108,783,1,2793.0481,2,4,24,at_risk
1109,449,1,1595.6657,4,4,44,loyal_customers
1110,886,1,1249.972,2,4,24,at_risk
1111,447,1,170.991,4,4,44,loyal_customers
1112,889,1,5709.9555,2,4,24,at_risk
1113,671,1,4171.947899999999,3,4,34,loyal_customers
1114,440,1,1951.3474,4,4,44,loyal_customers
1115,533,1,3720.8885,4,4,44,loyal_customers
1116,298,1,1055.9840000000002,5,4,54,champions
1117,404,1,1845.882,4,4,44,loyal_customers
1118,338,1,7947.442,5,4,54,champions
1119,736,1,5775.5446999999995,2,4,24,at_risk
1120,443,1,7159.9556999999995,4,4,44,loyal_customers
1121,753,1,2360.3907,2,4,24,at_risk
1122,360,1,6701.455,5,4,54,champions
1123,553,1,2509.946,4,4,44,loyal_customers
1124,1010,1,3419.9809999999998,1,4,14,at_risk
1125,711,1,7339.4195,3,4,34,loyal_customers
1126,326,1,6718.5542,5,4,54,champions
1127,984,1,3032.982,1,4,14,at_risk
1128,490,1,2643.2447,4,4,44,loyal_customers
1129,716,1,4497.0048,2,4,24,at_risk
1130,913,1,502.1814,1,4,14,at_risk
1131,285,1,14566.4345,5,4,54,champions
1132,475,1,15205.928399999999,4,4,44,loyal_customers
1133,625,1,4115.9724,3,4,34,loyal_customers
1134,511,1,5723.7441,4,4,44,loyal_customers
1135,279,1,6150.9367,5,4,54,champions
1136,407,1,11428.653,4,4,44,loyal_customers
1137,691,1,6654.473400000001,3,4,34,loyal_customers
1138,679,1,10541.963199999998,3,4,34,loyal_customers
1139,620,1,999.4825000000001,3,4,34,loyal_customers
1140,968,1,2835.5514,1,4,14,at_risk
1141,897,1,4135.9565,1,4,14,at_risk
1142,295,1,232.4907,5,4,54,champions
1143,665,1,1256.091,3,4,34,loyal_customers
1144,789,1,6187.1539,2,4,24,at_risk
1145,547,1,3172.4449,4,4,44,loyal_customers
1146,831,1,512.981,2,4,24,at_risk
1147,996,1,5004.5978000000005,1,4,14,at_risk
1148,641,1,8009.032099999999,3,4,34,loyal_customers
1149,1080,1,6265.955,1,4,14,at_risk
1150,445,1,7091.936699999999,4,4,44,loyal_customers
1151,851,1,7139.954,2,4,24,at_risk
1152,662,1,5841.099200000001,3,4,34,loyal_customers
1153,720,1,4466.6452,2,4,24,at_risk
1154,290,1,3227.391,5,4,54,champions
1155,429,1,1567.4715,4,4,44,loyal_customers
1156,864,1,3763.8714999999997,2,4,24,at_risk
1157,738,1,797.9399999999999,2,4,24,at_risk
1158,552,1,6754.9376,4,4,44,loyal_customers
1159,744,1,6764.572700000001,2,4,24,at_risk
1160,496,1,3110.8567000000003,4,4,44,loyal_customers
1161,346,1,8445.9545,5,4,54,champions
1162,688,1,7157.3531,3,4,34,loyal_customers
1163,736,1,4186.5267,2,4,24,at_risk
1164,639,1,4539.974,3,4,34,loyal_customers
1165,1036,1,9301.9304,1,4,14,at_risk
1166,413,1,242.991,4,4,44,loyal_customers
1167,956,1,3126.6414,1,4,14,at_risk
1168,948,1,799.9920000000001,1,4,14,at_risk
1169,779,1,4665.5492,2,4,24,at_risk
1170,416,1,1210.2714999999998,4,4,44,loyal_customers
1171,315,1,14249.6462,5,4,54,champions
1172,308,1,5777.7667,5,4,54,champions
1173,1061,1,1904.4585000000002,1,4,14,at_risk
1174,1045,1,5927.5509999999995,1,4,14,at_risk
1175,1084,1,4092.8567,1,4,14,at_risk
1176,301,1,531.981,5,4,54,champions
1177,613,1,3302.1734,3,4,34,loyal_customers
1178,469,1,3950.3624,4,4,44,loyal_customers
1179,963,1,2123.5632,1,4,14,at_risk
1180,421,1,1753.7717,4,4,44,loyal_customers
1181,635,1,2283.8072,3,4,34,loyal_customers
1182,1049,1,2052.3520000000003,1,4,14,at_risk
1183,459,1,2664.9644,4,4,44,loyal_customers
1184,562,1,3287.322,3,4,34,loyal_customers
1185,1058,1,2801.9320000000002,1,4,14,at_risk
1186,333,1,1228.5207,5,4,54,champions
1187,321,1,2013.9650000000001,5,4,54,champions
1188,409,1,3668.9260000000004,4,4,44,loyal_customers
1189,879,1,3581.4619999999995,2,4,24,at_risk
1190,553,1,4922.9485,4,4,44,loyal_customers
1191,432,1,3439.1719,4,4,44,loyal_customers
1192,1015,1,8299.965,1,4,14,at_risk
1193,889,1,2024.0637,2,4,24,at_risk
1194,1037,1,1692.5370000000003,1,4,14,at_risk
1195,597,1,11993.972,3,4,34,loyal_customers
1196,691,1,4499.991,3,4,34,loyal_customers
1197,417,1,2800.2975000000006,4,4,44,loyal_customers
1198,824,1,1745.9640000000002,2,4,24,at_risk
1199,722,1,15455.624999999998,2,4,24,at_risk
1200,995,1,5565.5645,1,4,14,at_risk
1201,666,1,9372.3701,3,4,34,loyal_customers
1202,850,1,4497.581700000001,2,4,24,at_risk
1203,639,1,3818.2124000000003,3,4,34,loyal_customers
1204,1092,1,1372.4719,1,4,14,at_risk
1205,909,1,10563.648000000001,1,4,14,at_risk
1206,602,1,6239.278700000001,3,4,34,loyal_customers
1207,424,1,524.3905,4,4,44,loyal_customers
1208,751,1,3144.327,2,4,24,at_risk
1209,757,1,4778.0235999999995,2,4,24,at_risk
1210,503,1,2705.007,4,4,44,loyal_customers
1211,755,1,3439.944,2,4,24,at_risk
1212,1095,1,1697.9717,1,4,14,at_risk
1213,473,1,5244.955,4,4,44,loyal_customers
1214,350,1,20648.9537,5,4,54,champions
1215,629,1,5745.955199999999,3,4,34,loyal_customers
1216,381,1,2780.5470000000005,4,4,44,loyal_customers
1217,841,1,2133.9264000000003,2,4,24,at_risk
1218,962,1,3126.6414,1,4,14,at_risk
1219,757,1,3484.0719,2,4,24,at_risk
1220,1068,1,5404.055699999999,1,4,14,at_risk
1221,456,1,989.9820000000001,4,4,44,loyal_customers
1222,640,1,1441.165,3,4,34,loyal_customers
1223,1047,1,3589.5660000000003,1,4,14,at_risk
1224,574,1,24607.0261,3,4,34,loyal_customers
1225,514,1,10050.6281,4,4,44,loyal_customers
1226,431,1,1988.0501,4,4,44,loyal_customers
1227,926,1,7587.5154,1,4,14,at_risk
1228,787,1,512.981,2,4,24,at_risk
1229,518,1,2707.8278,4,4,44,loyal_customers
1230,613,1,7063.463899999999,3,4,34,loyal_customers
1231,300,1,2119.259,5,4,54,champions
1232,755,1,1891.1125000000002,2,4,24,at_risk
1233,694,1,5015.7377,3,4,34,loyal_customers
1234,1067,1,2069.4549,1,4,14,at_risk
1235,512,1,5417.9727,4,4,44,loyal_customers
1236,400,1,8263.867,4,4,44,loyal_customers
1237,1035,1,12420.713,1,4,14,at_risk
1238,1076,1,7993.865,1,4,14,at_risk
1239,296,1,601.5812,5,4,54,champions
1240,311,1,5444.955999999999,5,4,54,champions
1241,1061,1,1115.9814,1,4,14,at_risk
1242,694,1,4762.4631,3,4,34,loyal_customers
1243,895,1,1582.1634,1,4,14,at_risk
1244,458,1,5732.4652,4,4,44,loyal_customers
1245,910,1,7345.7374,1,4,14,at_risk
1246,686,1,4167.846,3,4,34,loyal_customers
1247,977,1,6239.0936,1,4,14,at_risk
1248,777,1,6794.082,2,4,24,at_risk
1249,716,1,7520.0371,2,4,24,at_risk
1250,1081,1,2083.1605,1,4,14,at_risk
1251,637,1,2259.3406999999997,3,4,34,loyal_customers
1252,888,1,3181.5405,2,4,24,at_risk
1253,1056,1,1390.4733999999999,1,4,14,at_risk
1254,325,1,5515.9646999999995,5,4,54,champions
1255,1030,1,923.0726999999999,1,4,14,at_risk
1256,332,1,1538.964,5,4,54,champions
1257,956,1,5893.5494,1,4,14,at_risk
1258,353,1,12381.8274,5,4,54,champions
1259,1075,1,5270.944799999999,1,4,14,at_risk
1260,494,1,5686.5815,4,4,44,loyal_customers
1261,823,1,9497.172,2,4,24,at_risk
1262,456,1,3722.9829999999997,4,4,44,loyal_customers
1263,898,1,4044.7830000000004,1,4,14,at_risk
1264,1013,1,2469.9585,1,4,14,at_risk
1265,849,1,3359.7477,2,4,24,at_risk
1266,554,1,2474.9727,3,4,34,loyal_customers
1267,942,1,3126.6414,1,4,14,at_risk
1268,399,1,5115.9641,4,4,44,loyal_customers
1269,477,1,4204.525799999999,4,4,44,loyal_customers
1270,511,1,629.9820000000001,4,4,44,loyal_customers
1271,690,1,2717.964,3,4,34,loyal_customers
1272,764,1,2699.991,2,4,24,at_risk
1273,522,1,5122.348,4,4,44,loyal_customers
1274,863,1,7791.0557,2,4,24,at_risk
1275,768,1,2726.4905,2,4,24,at_risk
1276,561,1,6089.983,3,4,34,loyal_customers
1277,432,1,706.7814,4,4,44,loyal_customers
1278,589,1,2228.2451,3,4,34,loyal_customers
1279,282,1,8936.446,5,4,54,champions
1280,1078,1,5342.1559,1,4,14,at_risk
1281,518,1,2932.4811999999997,4,4,44,loyal_customers
1282,779,1,2402.476,2,4,24,at_risk
1283,519,1,279.992,4,4,44,loyal_customers
1284,387,1,11299.972,4,4,44,loyal_customers
1285,868,1,2881.14,2,4,24,at_risk
1286,1005,1,494.99100000000004,1,4,14,at_risk
1287,552,1,2991.759,4,4,44,loyal_customers
1288,982,1,959.984,1,5,15,cant_loose
1289,435,1,507.2905,4,5,45,loyal_customers
1290,426,1,8336.4169,4,5,45,loyal_customers
1291,664,1,6330.574699999999,3,5,35,loyal_customers
1292,388,1,1099.4814999999999,4,5,45,loyal_customers
1293,594,1,1285.9717,3,5,35,loyal_customers
1294,371,1,1243.7847000000002,5,5,55,champions
1295,854,1,5022.9574,2,5,25,cant_loose
1296,1071,1,3768.94,1,5,15,cant_loose
1297,864,1,502.1814,2,5,25,cant_loose
1298,656,1,4214.9468,3,5,35,loyal_customers
1299,882,1,1831.1814,2,5,25,cant_loose
1300,876,1,7932.9465,2,5,25,cant_loose
1301,924,1,4692.8641,1,5,15,cant_loose
1302,726,1,6349.3634999999995,2,5,25,cant_loose
1303,328,1,5332.9467,5,5,55,champions
1304,526,1,2966.6441999999997,4,5,45,loyal_customers
1305,1061,1,1509.4727,1,5,15,cant_loose
1306,757,1,3505.766,2,5,25,cant_loose
1307,880,1,7482.1364,2,5,25,cant_loose
1308,519,1,2319.9680000000003,4,5,45,loyal_customers
1309,1040,1,1619.991,1,5,15,cant_loose
1310,278,1,5833.974699999999,5,5,55,champions
1311,491,1,3975.2343,4,5,45,loyal_customers
1312,684,1,10617.973,3,5,35,loyal_customers
1313,866,1,5114.0907,2,5,25,cant_loose
1314,939,1,7045.1564,1,5,15,cant_loose
1315,796,1,7848.2628,2,5,25,cant_loose
1316,577,1,5925.474700000001,3,5,35,loyal_customers
1317,489,1,325.4907,4,5,45,loyal_customers
1318,754,1,1052.972,2,5,25,cant_loose
1319,636,1,5231.8529,3,5,35,loyal_customers
1320,594,1,543.984,3,5,35,loyal_customers
1321,1073,1,5644.9152,1,5,15,cant_loose
1322,935,1,5014.9637,1,5,15,cant_loose
1323,558,1,2333.356,3,5,35,loyal_customers
1324,1093,1,3900.0606999999995,1,5,15,cant_loose
1325,999,1,854.191,1,5,15,cant_loose
1326,1091,1,3155.9565,1,5,15,cant_loose
1327,498,1,1599.9840000000002,4,5,45,loyal_customers
1328,1039,1,4633.8544,1,5,15,cant_loose
1329,413,1,3994.4559,4,5,45,loyal_customers
1330,335,1,5891.162399999999,5,5,55,champions
1331,812,1,2195.0517,2,5,25,cant_loose
1332,625,1,12307.9627,3,5,35,loyal_customers
1333,886,1,8534.3743,2,5,25,cant_loose
1334,793,1,5024.1645,2,5,25,cant_loose
1335,853,1,2672.6926,2,5,25,cant_loose
1336,665,1,269.99100000000004,3,5,35,loyal_customers
1337,894,1,773.9817,1,5,15,cant_loose
1338,963,1,1626.7825000000003,1,5,15,cant_loose
1339,450,1,1590.8534,4,5,45,loyal_customers
1340,928,1,242.991,1,5,15,cant_loose
1341,927,1,8476.521999999999,1,5,15,cant_loose
1342,431,1,527.7812,4,5,45,loyal_customers
1343,655,1,1818.4544999999998,3,5,35,loyal_customers
1344,462,1,3377.973,4,5,45,loyal_customers
1345,533,1,1287.5737000000001,4,5,45,loyal_customers
1346,621,1,3442.8135,3,5,35,loyal_customers
1347,468,1,6495.972,4,5,45,loyal_customers
1348,1076,1,11183.0335,1,5,15,cant_loose
1349,828,1,9278.653900000001,2,5,25,cant_loose
1350,949,1,6089.930399999999,1,5,15,cant_loose
1351,950,1,2465.4572,1,5,15,cant_loose
1352,691,1,3243.7533999999996,3,5,35,loyal_customers
1353,791,1,3613.7245,2,5,25,cant_loose
1354,1015,1,4475.4635,1,5,15,cant_loose
1355,866,1,1961.0811999999999,2,5,25,cant_loose
1356,921,1,1359.976,1,5,15,cant_loose
1357,883,1,569.981,2,5,25,cant_loose
1358,963,1,3443.9377000000004,1,5,15,cant_loose
1359,807,1,6543.0622,2,5,25,cant_loose
1360,955,1,7967.4144,1,5,15,cant_loose
1361,993,1,1240.1840000000002,1,5,15,cant_loose
1362,863,1,4299.957,2,5,25,cant_loose
1363,653,1,1860.5825,3,5,35,loyal_customers
1364,398,1,989.991,4,5,45,loyal_customers
1365,1020,1,5699.981,1,5,15,cant_loose
1366,977,1,989.9820000000001,1,5,15,cant_loose
1367,410,1,2032.4445,4,5,45,loyal_customers
1368,960,1,10216.235999999999,1,5,15,cant_loose
1369,1027,1,620.0920000000001,1,5,15,cant_loose
1370,523,1,7439.981399999999,4,5,45,loyal_customers
1371,834,1,1734.9325,2,5,25,cant_loose
1372,498,1,7021.1487,4,5,45,loyal_customers
1373,967,1,5600.0574,1,5,15,cant_loose
1374,800,1,8394.4714,2,5,25,cant_loose
1375,908,1,2915.108,1,5,15,cant_loose
1376,945,1,4109.065,1,5,15,cant_loose
1377,849,1,997.1724,2,5,25,cant_loose
1378,807,1,4776.0444,2,5,25,cant_loose
1379,462,1,2834.8444,4,5,45,loyal_customers
1380,852,1,2319.9919999999997,2,5,25,cant_loose
1381,808,1,2414.963,2,5,25,cant_loose
1382,492,1,16491.52,4,5,45,loyal_customers
1383,318,1,1392.2730000000001,5,5,55,champions
1384,374,1,2518.1494000000002,5,5,55,champions
1385,660,1,2006.0629,3,5,35,loyal_customers
1386,1053,1,1806.4125,1,5,15,cant_loose
1387,880,1,1199.9840000000002,2,5,25,cant_loose
1388,400,1,2559.992,4,5,45,loyal_customers
1389,535,1,1499.382,4,5,45,loyal_customers
1390,561,1,5333.335,3,5,35,loyal_customers
1391,713,1,17086.934299999997,3,5,35,loyal_customers
1392,490,1,5922.4725,4,5,45,loyal_customers
1393,353,1,1681.4809999999998,5,5,55,champions
1394,487,1,2615.976,4,5,45,loyal_customers
1395,626,1,5220.4734,3,5,35,loyal_customers
1396,597,1,5984.981,3,5,35,loyal_customers
1397,846,1,4921.154399999999,2,5,25,cant_loose
1398,738,1,7688.2721,2,5,25,cant_loose
1399,681,1,2319.7539,3,5,35,loyal_customers
1400,902,1,2928.684,1,5,15,cant_loose
1401,386,1,2200.9444,4,5,45,loyal_customers
1402,616,1,799.9920000000001,3,5,35,loyal_customers
1403,558,1,12595.073,3,5,35,loyal_customers
1404,735,1,3015.3129,2,5,25,cant_loose
1405,773,1,1649.9724999999999,2,5,25,cant_loose
1406,793,1,7900.4347,2,5,25,cant_loose
1407,568,1,1856.0750000000003,3,5,35,loyal_customers
1408,403,1,4829.1825,4,5,45,loyal_customers
1409,380,1,2093.4134999999997,5,5,55,champions
1410,611,1,1829.6654999999998,3,5,35,loyal_customers
1411,286,1,4960.4587,5,5,55,champions
1412,440,1,1234.9715,4,5,45,loyal_customers
1413,1055,1,3014.324,1,5,15,cant_loose
1414,463,1,176.6907,4,5,45,loyal_customers
1415,540,1,9725.8374,4,5,45,loyal_customers
1416,609,1,3254.9906999999994,3,5,35,loyal_customers
1417,530,1,557.9814,4,5,45,loyal_customers
1418,535,1,4162.8555,4,5,45,loyal_customers
1419,288,1,4399.992,5,5,55,champions
1420,965,1,1407.5520000000001,1,5,15,cant_loose
1421,453,1,17494.9405,4,5,45,loyal_customers
1422,444,1,7049.673,4,5,45,loyal_customers
1423,553,1,11238.6544,4,5,45,loyal_customers
1424,485,1,6591.976000000001,4,5,45,loyal_customers
1425,910,1,4639.9839999999995,1,5,15,cant_loose
1426,557,1,6782.3368,3,5,35,loyal_customers
1427,494,1,351.992,4,5,45,loyal_customers
1428,895,1,674.991,1,5,15,cant_loose
1429,788,1,2042.0634,2,5,25,cant_loose
1430,769,1,3628.5126999999998,2,5,25,cant_loose
1431,1028,1,1705.9632,1,5,15,cant_loose
1432,560,1,2696.9907,3,5,35,loyal_customers
1433,349,1,4226.230500000001,5,5,55,champions
1434,1069,1,1530.963,1,5,15,cant_loose
1435,953,1,8069.656499999999,1,5,15,cant_loose
1436,624,1,9334.509399999999,3,5,35,loyal_customers
1437,855,1,3799.9904999999994,2,5,25,cant_loose
1438,576,1,12980.938699999999,3,5,35,loyal_customers
1439,508,1,9919.921,4,5,45,loyal_customers
1440,824,1,10360.255,2,5,25,cant_loose
1441,339,1,9173.381699999998,5,5,55,champions
1442,519,1,6987.248700000001,4,5,45,loyal_customers
1443,776,1,10372.0934,2,5,25,cant_loose
1444,741,1,1399.976,2,5,25,cant_loose
1445,299,1,7999.984,5,5,55,champions
